"Time","gestão de sala de aula","indisciplina","disciplina escolar","controle de sala de aula","manejo de classe"
"2004-01-01",0,0,0,0,0
"2004-02-01",0,57,0,0,0
"2004-03-01",0,62,0,0,0
"2004-04-01",0,76,0,0,0
"2004-05-01",0,100,0,0,0
"2004-06-01",0,74,25,0,0
"2004-07-01",0,86,0,0,0
"2004-08-01",0,79,0,0,0
"2004-09-01",0,71,0,0,0
"2004-10-01",0,78,0,0,0
"2004-11-01",0,84,0,0,0
"2004-12-01",0,46,0,0,0
"2005-01-01",0,38,0,0,0
"2005-02-01",0,36,0,0,0
"2005-03-01",0,57,0,0,0
"2005-04-01",0,66,16,0,0
"2005-05-01",0,85,19,0,0
"2005-06-01",0,94,0,0,0
"2005-07-01",0,39,0,0,0
"2005-08-01",0,77,0,0,0
"2005-09-01",0,70,0,0,0
"2005-10-01",0,73,13,0,0
"2005-11-01",0,78,0,0,0
"2005-12-01",0,37,0,0,0
"2006-01-01",0,32,0,0,0
"2006-02-01",0,32,0,0,0
"2006-03-01",0,49,0,0,0
"2006-04-01",0,55,0,0,0
"2006-05-01",0,63,8,0,0
"2006-06-01",0,70,10,0,0
"2006-07-01",0,42,0,0,0
"2006-08-01",0,58,0,0,0
"2006-09-01",0,63,0,0,0
"2006-10-01",0,57,0,0,0
"2006-11-01",0,65,6,0,0
"2006-12-01",0,27,7,0,0
"2007-01-01",0,25,0,0,0
"2007-02-01",0,21,0,0,0
"2007-03-01",0,35,5,0,0
"2007-04-01",0,40,0,0,0
"2007-05-01",0,51,4,0,0
"2007-06-01",0,42,5,0,0
"2007-07-01",0,24,0,0,0
"2007-08-01",0,40,7,0,0
"2007-09-01",0,52,7,0,0
"2007-10-01",4,47,5,0,0
"2007-11-01",0,51,5,0,0
"2007-12-01",0,20,0,0,0
"2008-01-01",0,15,4,0,0
"2008-02-01",0,21,6,0,0
"2008-03-01",3,31,4,0,0
"2008-04-01",0,37,4,0,0
"2008-05-01",0,41,5,0,0
"2008-06-01",0,45,4,0,0
"2008-07-01",0,25,0,0,0
"2008-08-01",0,34,4,0,0
"2008-09-01",0,38,5,0,0
"2008-10-01",0,36,4,0,0
"2008-11-01",0,37,5,0,0
"2008-12-01",0,19,3,0,0
"2009-01-01",0,14,3,0,0
"2009-02-01",0,18,4,0,0
"2009-03-01",0,31,7,0,0
"2009-04-01",0,33,6,0,0
"2009-05-01",0,38,4,0,0
"2009-06-01",3,30,5,0,0
"2009-07-01",0,21,0,0,0
"2009-08-01",0,17,3,0,0
"2009-09-01",3,31,4,0,0
"2009-10-01",0,30,4,0,0
"2009-11-01",0,47,8,0,0
"2009-12-01",3,18,2,0,0
"2010-01-01",0,14,3,0,0
"2010-02-01",0,23,3,0,0
"2010-03-01",0,32,5,0,0
"2010-04-01",0,29,5,0,0
"2010-05-01",0,40,6,0,0
"2010-06-01",0,33,4,0,0
"2010-07-01",0,18,3,0,0
"2010-08-01",0,23,3,0,0
"2010-09-01",0,26,5,0,0
"2010-10-01",0,26,6,0,0
"2010-11-01",0,26,6,0,0
"2010-12-01",2,15,2,0,0
"2011-01-01",1,13,3,0,0
"2011-02-01",0,17,5,0,0
"2011-03-01",1,23,4,0,0
"2011-04-01",1,26,4,0,0
"2011-05-01",1,29,4,0,0
"2011-06-01",1,28,3,0,0
"2011-07-01",1,17,3,0,0
"2011-08-01",1,22,4,0,0
"2011-09-01",1,24,3,0,0
"2011-10-01",0,22,3,0,0
"2011-11-01",1,23,3,0,0
"2011-12-01",0,13,2,0,0
"2012-01-01",1,11,2,0,0
"2012-02-01",0,15,4,0,0
"2012-03-01",1,22,4,0,0
"2012-04-01",1,23,3,0,0
"2012-05-01",1,24,3,0,0
"2012-06-01",1,21,3,1,0
"2012-07-01",1,15,3,0,0
"2012-08-01",1,19,3,0,0
"2012-09-01",1,21,3,0,0
"2012-10-01",2,18,3,0,0
"2012-11-01",1,18,3,0,0
"2012-12-01",1,10,2,0,0
"2013-01-01",1,9,2,0,0
"2013-02-01",1,12,3,0,0
"2013-03-01",2,18,3,1,0
"2013-04-01",2,22,4,1,0
"2013-05-01",2,24,3,0,0
"2013-06-01",3,19,3,1,0
"2013-07-01",1,15,3,0,0
"2013-08-01",1,16,3,0,0
"2013-09-01",3,19,4,0,0
"2013-10-01",2,18,3,0,0
"2013-11-01",1,18,4,0,0
"2013-12-01",1,11,2,0,0
"2014-01-01",1,9,2,0,0
"2014-02-01",1,14,4,0,0
"2014-03-01",1,16,4,0,0
"2014-04-01",1,18,3,0,0
"2014-05-01",2,19,3,0,0
"2014-06-01",1,16,3,0,0
"2014-07-01",1,15,3,0,0
"2014-08-01",1,17,3,1,0
"2014-09-01",1,23,4,0,0
"2014-10-01",2,16,3,0,0
"2014-11-01",1,19,4,0,0
"2014-12-01",1,10,2,0,0
"2015-01-01",1,7,2,0,0
"2015-02-01",1,11,3,0,0
"2015-03-01",2,20,4,1,0
"2015-04-01",2,19,3,0,0
"2015-05-01",2,20,4,0,0
"2015-06-01",1,17,3,0,0
"2015-07-01",2,12,2,0,0
"2015-08-01",2,17,3,0,0
"2015-09-01",3,18,4,0,0
"2015-10-01",2,16,3,0,0
"2015-11-01",2,17,3,1,0
"2015-12-01",1,9,2,0,0
"2016-01-01",1,7,2,0,0
"2016-02-01",2,12,3,0,0
"2016-03-01",2,18,3,0,0
"2016-04-01",1,21,3,1,0
"2016-05-01",1,22,4,0,0
"2016-06-01",1,21,3,0,0
"2016-07-01",1,13,2,0,0
"2016-08-01",1,17,3,0,0
"2016-09-01",2,19,4,1,0
"2016-10-01",2,15,4,0,0
"2016-11-01",1,16,4,0,0
"2016-12-01",1,9,3,0,0
"2017-01-01",1,8,3,0,0
"2017-02-01",1,12,3,1,0
"2017-03-01",2,16,5,0,0
"2017-04-01",1,16,4,1,0
"2017-05-01",1,19,4,1,0
"2017-06-01",1,17,3,0,0
"2017-07-01",1,11,3,0,0
"2017-08-01",1,14,3,0,0
"2017-09-01",2,16,3,0,0
"2017-10-01",1,14,3,0,0
"2017-11-01",1,13,3,0,0
"2017-12-01",1,10,2,0,0
"2018-01-01",1,8,2,0,0
"2018-02-01",1,9,2,0,0
"2018-03-01",2,13,3,0,0
"2018-04-01",2,13,3,0,0
"2018-05-01",2,15,3,1,0
"2018-06-01",2,12,3,1,0
"2018-07-01",1,9,2,0,0
"2018-08-01",1,12,3,0,0
"2018-09-01",1,14,3,1,0
"2018-10-01",1,12,2,1,0
"2018-11-01",1,13,3,0,0
"2018-12-01",1,9,2,0,0
"2019-01-01",1,6,2,0,0
"2019-02-01",1,9,3,0,0
"2019-03-01",2,12,4,0,0
"2019-04-01",2,13,4,0,0
"2019-05-01",2,13,3,0,0
"2019-06-01",1,11,3,0,0
"2019-07-01",1,7,2,0,0
"2019-08-01",1,10,3,0,0
"2019-09-01",2,12,4,1,0
"2019-10-01",2,11,4,0,0
"2019-11-01",1,9,5,1,0
"2019-12-01",1,7,2,0,0
"2020-01-01",1,5,2,0,0
"2020-02-01",2,6,3,0,0
"2020-03-01",2,7,4,1,0
"2020-04-01",1,5,4,1,0
"2020-05-01",3,5,5,1,0
"2020-06-01",2,5,6,1,0
"2020-07-01",0,4,4,1,0
"2020-08-01",1,4,4,1,0
"2020-09-01",2,5,5,1,0
"2020-10-01",2,9,5,1,1
"2020-11-01",3,7,5,1,0
"2020-12-01",1,5,3,1,0
"2021-01-01",1,3,1,1,0
"2021-02-01",2,4,3,1,0
"2021-03-01",2,4,5,1,0
"2021-04-01",5,4,6,1,0
"2021-05-01",4,6,7,1,0
"2021-06-01",2,6,8,1,0
"2021-07-01",1,4,3,0,0
"2021-08-01",1,5,3,1,0
"2021-09-01",2,7,5,1,0
"2021-10-01",5,6,6,1,0
"2021-11-01",3,6,5,1,0
"2021-12-01",2,5,4,1,0
"2022-01-01",1,3,2,0,0
"2022-02-01",2,5,4,1,0
"2022-03-01",3,9,5,1,0
"2022-04-01",3,8,5,1,0
"2022-05-01",4,15,6,1,0
"2022-06-01",3,11,6,1,0
"2022-07-01",1,6,3,0,0
"2022-08-01",2,8,4,1,0
"2022-09-01",2,8,5,1,0
"2022-10-01",4,7,6,1,0
"2022-11-01",3,7,5,1,0
"2022-12-01",1,5,3,0,0
"2023-01-01",1,4,2,0,0
"2023-02-01",2,5,3,0,0
"2023-03-01",3,8,4,1,0
"2023-04-01",3,8,4,1,0
"2023-05-01",3,11,4,1,0
"2023-06-01",3,8,4,1,0
"2023-07-01",2,7,3,1,0
"2023-08-01",3,7,3,1,0
"2023-09-01",2,7,4,1,0
"2023-10-01",2,8,4,1,0
"2023-11-01",2,7,5,0,0
"2023-12-01",1,5,3,0,0
"2024-01-01",1,4,2,0,0
"2024-02-01",2,6,4,1,0
"2024-03-01",3,7,5,1,0
"2024-04-01",3,10,5,1,0
"2024-05-01",3,12,5,1,0
"2024-06-01",6,9,8,1,0
"2024-07-01",3,6,4,1,0
"2024-08-01",4,7,5,1,0
"2024-09-01",4,8,7,1,1
"2024-10-01",4,7,7,1,1
"2024-11-01",6,8,8,2,1
"2024-12-01",3,5,4,1,0
"2025-01-01",3,5,3,1,0
"2025-02-01",4,5,5,1,0
"2025-03-01",5,7,6,1,0
"2025-04-01",4,8,6,2,0
"2025-05-01",4,7,6,2,0
"2025-06-01",6,6,6,1,0
"2025-07-01",3,5,5,1,0
"2025-08-01",4,6,5,2,0
"2025-09-01",4,6,7,2,0
"2025-10-01",3,6,6,2,1
"2025-11-01",4,5,6,2,0
"2025-12-01",3,3,3,1,0
"2026-01-01",1,3,3,1,0
"2026-02-01",2,4,5,1,0
"2026-03-01",3,6,6,2,0